,age,fnlwgt,education-num,capital-gain,capital-loss,hours-per-week,workclass,education,marital-status,occupation,relationship,race,sex,native-country
age,1.0,0.07662807893178858,0.03094037587451397,0.077229022364381,0.0569438261056118,0.07155833852698293,0.21415461937881805,0.23559453434453886,0.5784825933846098,0.17895330018074598,0.4737835475352055,0.04261396165792154,0.08812002181336667,0.0572801968580321
fnlwgt,0.07662807893178858,1.0,0.038760683549710295,0.0037063886110827223,0.004366149679495461,0.013518714690561455,0.05168555741986474,0.06413552062595614,0.05245858139987061,0.047684506502426824,0.03696855124243677,0.14700350914469423,0.0277389975808254,0.13087999445284293
education-num,0.03094037587451397,0.038760683549710295,1.0,0.1251464591057213,0.08097193774847289,0.14368890939247939,0.19878963763540125,1.0,0.11293865847835508,0.5568119831211165,0.15807162262994076,0.10937172585722282,0.009328017717674044,0.2325548227490208
capital-gain,0.077229022364381,0.0037063886110827223,0.1251464591057213,1.0,0.03144077064746342,0.08215727805587884,0.10918725181595235,0.20115137575611164,0.08384284300189487,0.11884176472100703,0.08739202987716423,0.024849000748774493,0.04709405220821023,0.019675552675615954
capital-loss,0.0569438261056118,0.004366149679495461,0.08097193774847289,0.03144077064746342,1.0,0.054467216095187294,0.04544301481660697,0.09663249527148567,0.07696997792136982,0.08212672548458343,0.0824692918218588,0.025455576148499574,0.04548041883314923,0.021423270907979734
hours-per-week,0.07155833852698293,0.013518714690561455,0.14368890939247939,0.08215727805587884,0.054467216095187294,1.0,0.22791266899298374,0.19094355622424317,0.24917461584269326,0.3087388232539834,0.3129295238205808,0.05034913919881473,0.22855979909118623,0.012537547610481046
workclass,0.21415461937881805,0.05168555741986474,0.19878963763540125,0.10918725181595235,0.04544301481660697,0.22791266899298374,1.0,0.10644165422046867,0.08526547624341513,0.42714128166280735,0.10058637611428058,0.05806877179729959,0.1517828243232795,0.03000597967580948
education,0.23559453434453886,0.06413552062595614,1.0,0.20115137575611164,0.09663249527148567,0.19094355622424317,0.10644165422046867,1.0,0.09093291724440486,0.18673842875050964,0.12267521050107573,0.07298408769644608,0.09324963195147196,0.1652413346158108
marital-status,0.5784825933846098,0.05245858139987061,0.11293865847835508,0.08384284300189487,0.07696997792136982,0.24917461584269326,0.08526547624341513,0.09093291724440486,1.0,0.1316527638366762,0.4881598039600788,0.08300920275482453,0.459453209296832,0.05052017892283948
occupation,0.17895330018074598,0.047684506502426824,0.5568119831211165,0.11884176472100703,0.08212672548458343,0.3087388232539834,0.42714128166280735,0.18673842875050964,0.1316527638366762,1.0,0.17824912377233731,0.07890583187954602,0.42421455333680647,0.06605186140227369
relationship,0.4737835475352055,0.03696855124243677,0.15807162262994076,0.08739202987716423,0.0824692918218588,0.3129295238205808,0.10058637611428058,0.12267521050107573,0.4881598039600788,0.17824912377233731,1.0,0.09751178423651514,0.6465422226089419,0.06135148829785934
race,0.04261396165792154,0.14700350914469423,0.10937172585722282,0.024849000748774493,0.025455576148499574,0.05034913919881473,0.05806877179729959,0.07298408769644608,0.08300920275482453,0.07890583187954602,0.09751178423651514,1.0,0.11396826161096406,0.28702230113375504
sex,0.08812002181336667,0.0277389975808254,0.009328017717674044,0.04709405220821023,0.04548041883314923,0.22855979909118623,0.1517828243232795,0.09324963195147196,0.459453209296832,0.42421455333680647,0.6465422226089419,0.11396826161096406,1.0,0.03851216739462615
native-country,0.0572801968580321,0.13087999445284293,0.2325548227490208,0.019675552675615954,0.021423270907979734,0.012537547610481046,0.03000597967580948,0.1652413346158108,0.05052017892283948,0.06605186140227369,0.06135148829785934,0.28702230113375504,0.03851216739462615,1.0
